,area,bedrooms,distance,furnished,price
0,1000.0,2,15.65,Semifurnished,23000
1,1605.0,3,14.55,Semifurnished,26000
2,1600.0,2,4.66,Semifurnished,60000
3,1710.0,3,12.09,Semifurnished,33000
4,6000.0,4,33.26,Furnished,150000
5,600.0,1,7.16,Semifurnished,20000
6,1250.0,2,12.58,Semifurnished,22000
7,1200.0,2,6.73,Semifurnished,23500
8,2000.0,3,12.58,Furnished,55000
9,390.0,1,7.66,Semifurnished,12050
10,550.0,1,7.66,Semifurnished,12100
11,400.0,1,7.66,Semifurnished,14500
12,1350.0,2,3.62,Semifurnished,44000
13,2218.0,3,126.97,Semifurnished,35000
14,1100.0,2,39.12,Semifurnished,32000
15,1982.0,4,7.68,Semifurnished,45000
16,2450.0,3,6.29,Semifurnished,80000
17,1500.0,2,4.34,Semifurnished,34000
18,650.0,1,19.09,Semifurnished,11500
19,650.0,1,12.58,Semifurnished,14000
20,1000.0,2,15.65,Semifurnished,45000
21,1500.0,0,13.34,Semifurnished,9000
22,1200.0,2,13.45,Semifurnished,22500
23,1680.0,3,19.09,Semifurnished,20000
24,600.0,1,11.04,Semifurnished,10000
25,2800.0,4,14.35,Furnished,60000
26,180.0,1,6.45,Furnished,15000
27,1040.0,2,7.88,Semifurnished,16500
28,1200.0,2,15.65,Semifurnished,28000
29,600.0,1,8.75,Semifurnished,16000
30,1110.0,2,14.55,Semifurnished,19000
31,490.0,1,9.17,Semifurnished,16000
32,2363.0,3,12.72,Furnished,60000
33,600.0,1,69.95,Semifurnished,17000
34,2400.0,5,9.17,Semifurnished,80000
35,1200.0,2,7.68,Semifurnished,26000
36,1500.0,3,16.39,Semifurnished,26000
37,800.0,2,5.71,Semifurnished,22000
38,681.0,1,7.66,Semifurnished,11500
39,4465.0,4,3.53,Furnished,950000
40,600.0,1,15.65,Semifurnished,16000
41,1550.0,2,10.51,Semifurnished,19000
42,1500.0,2,9.17,Semifurnished,35000
43,2422.0,4,20.2,Semifurnished,28000
44,1056.0,2,10.67,Semifurnished,22000
45,2400.0,2,39.12,Furnished,35000
46,1690.0,3,11.88,Semifurnished,23500
47,800.0,1,4.34,Semifurnished,20000
48,1250.0,2,12.19,Semifurnished,24000
49,550.0,1,8.06,Semifurnished,7000
50,651.0,1,9.14,Semifurnished,15000
51,450.0,1,9.17,Furnished,25000
52,1100.0,2,6.45,Semifurnished,29000
53,1500.0,3,9.97,Semifurnished,30000
54,1700.0,3,9.97,Semifurnished,30000
55,1000.0,2,39.12,Semifurnished,26000
56,1350.0,2,10.77,Semifurnished,30000
57,4280.0,4,10.1,Semifurnished,39000
58,1050.0,2,10.67,Semifurnished,25000
59,1241.0,2,14.55,Semifurnished,23510
60,1655.0,3,14.89,Semifurnished,43000
61,650.0,1,14.55,Semifurnished,18000
62,1200.0,2,39.12,Semifurnished,25000
63,390.0,1,7.66,Semifurnished,12300
64,2600.0,3,54.76,Semifurnished,70000
65,625.0,1,19.09,Semifurnished,12500
66,900.0,2,6.24,Semifurnished,20000
67,1100.0,2,10.42,Semifurnished,19000
68,2061.0,3,126.97,Semifurnished,32000
69,1250.0,2,6.73,Semifurnished,27000
70,1668.0,3,14.55,Semifurnished,30000
71,2000.0,3,7.16,Semifurnished,65000
72,560.0,1,10.42,Semifurnished,14000
73,1165.0,2,19.09,Semifurnished,23000
74,1304.0,2,14.35,Semifurnished,25000
75,1198.0,1,12.58,Furnished,20000
76,1914.0,3,7.4,Semifurnished,35000
77,1800.0,4,6.45,Semifurnished,71000
78,550.0,1,9.15,Semifurnished,14000
79,400.0,0,12.19,Furnished,11500
80,1460.0,2,10.27,Semifurnished,26000
81,600.0,1,84.13,Semifurnished,15000
82,1158.0,2,13.88,Semifurnished,22000
83,1548.0,3,37.06,Semifurnished,14000
84,1530.0,3,43.31,Furnished,30000
85,1290.0,2,12.09,Semifurnished,26000
86,200.0,1,126.97,Semifurnished,8000
87,750.0,2,16.39,Furnished,14000
88,700.0,2,69.95,Semifurnished,16000
89,1475.0,3,9.17,Semifurnished,26000
90,2190.0,3,14.35,Furnished,120000
91,650.0,1,19.12,Semifurnished,11000
92,1200.0,1,6.45,Semifurnished,17500
93,1200.0,2,32.58,Semifurnished,30000
94,850.0,2,6.95,Semifurnished,15000
95,1034.0,2,20.2,Semifurnished,18500
96,1893.0,3,11.88,Semifurnished,26000
97,900.0,2,10.67,Semifurnished,12000
98,2062.0,4,20.2,Semifurnished,24000
99,1666.0,3,11.88,Semifurnished,25000
100,1455.0,3,11.88,Semifurnished,22600
101,1710.0,3,11.88,Semifurnished,22000
102,1662.0,3,11.88,Semifurnished,24000
103,1435.0,3,11.88,Semifurnished,24000
104,1666.0,3,11.88,Semifurnished,25500
105,1420.0,3,11.88,Semifurnished,21000
106,1662.0,3,11.88,Semifurnished,25000
107,1666.0,3,11.88,Semifurnished,24000
108,1420.0,3,11.88,Semifurnished,24000
109,1665.0,3,11.88,Semifurnished,25000
110,1420.0,3,11.88,Semifurnished,23000
111,300.0,0,9.14,Semifurnished,10000
112,600.0,1,10.27,Semifurnished,8500
113,1250.0,2,11.89,Semifurnished,29000
114,541.0,1,8.87,Semifurnished,17000
115,799.0,2,11.38,Semifurnished,17980
116,600.0,1,11.38,Semifurnished,12101
117,1200.0,2,14.55,Semifurnished,26000
118,650.0,1,7.19,Semifurnished,14000
119,1111.0,2,13.88,Semifurnished,22145
120,9000.0,5,10.96,Semifurnished,350000
121,682.0,1,8.75,Semifurnished,20000
122,880.0,1,12.26,Semifurnished,11200
123,684.0,1,8.75,Semifurnished,19000
124,2553.0,3,9.2,Semifurnished,65000
125,1854.0,3,10.67,Semifurnished,28000
126,1600.0,3,6.08,Semifurnished,75000
127,1200.0,2,7.68,Semifurnished,25000
128,1280.0,2,9.14,Semifurnished,35500
129,1265.0,3,11.88,Semifurnished,27500
130,490.0,1,6.77,Semifurnished,10100
131,1450.0,2,4.34,Semifurnished,36000
132,600.0,1,43.31,Semifurnished,14000
133,1150.0,2,10.96,Semifurnished,28000
134,500.0,1,9.86,Semifurnished,15000
135,900.0,1,9.17,Semifurnished,19000
136,1010.0,2,19.09,Semifurnished,15000
137,978.0,2,19.09,Semifurnished,16000
138,1200.0,4,9.05,Semifurnished,40000
139,3600.0,4,7.68,Semifurnished,65000
140,1000.0,2,5.8,Semifurnished,20000
141,1700.0,3,51.37,Semifurnished,18000
142,577.0,1,15.06,Semifurnished,16500
143,560.0,1,7.66,Semifurnished,13900
144,4000.0,4,2.02,Semifurnished,160000
145,1234.0,2,12.72,Semifurnished,32500
146,1429.0,2,12.65,Semifurnished,27000
147,1600.0,3,8.86,Furnished,30000
148,500.0,1,6.17,Furnished,33000
149,200.0,0,14.36,Semifurnished,5000
150,1700.0,3,10.1,Semifurnished,36000
151,1100.0,2,5.8,Semifurnished,16000
152,1650.0,3,12.58,Semifurnished,27000
153,1200.0,2,11.89,Semifurnished,25100
154,500.0,1,10.96,Semifurnished,15000
155,1560.0,3,9.15,Semifurnished,33000
156,1210.0,2,13.34,Semifurnished,29000
157,1200.0,2,9.15,Semifurnished,28000
158,1200.0,2,5.8,Semifurnished,23000
159,1100.0,2,39.12,Semifurnished,25100
160,2000.0,3,5.71,Semifurnished,60000
161,1410.0,3,16.39,Semifurnished,35000
162,1267.0,2,10.67,Semifurnished,20000
163,550.0,1,39.12,Semifurnished,15200
164,1774.0,3,2.37,Semifurnished,60000
165,575.0,1,9.05,Semifurnished,13000
166,750.0,1,9.17,Semifurnished,19000
167,600.0,1,9.05,Semifurnished,12000
168,1300.0,2,3.74,Semifurnished,27000
169,550.0,1,39.12,Furnished,22000
170,1636.0,3,24.67,Semifurnished,20000
171,955.0,2,43.31,Semifurnished,14500
172,600.0,1,14.55,Semifurnished,18000
173,580.0,1,10.42,Semifurnished,14500
174,1650.0,3,6.98,Furnished,33000
175,1499.0,3,17.39,Semifurnished,22000
176,699.0,1,19.09,Semifurnished,11000
177,450.0,1,6.77,Semifurnished,11000
178,540.0,1,9.14,Semifurnished,17500
179,1919.0,3,14.42,Semifurnished,43000
180,1515.0,3,6.73,Semifurnished,42000
181,1610.0,3,12.09,Semifurnished,32000
182,569.0,1,7.66,Semifurnished,12000
183,1996.0,3,10.67,Semifurnished,35000
184,1000.0,1,6.98,Semifurnished,9500
185,500.0,1,10.42,Semifurnished,13000
186,1500.0,3,12.58,Semifurnished,29000
187,2000.0,3,6.45,Semifurnished,40000
188,2550.0,3,32.58,Furnished,53000
189,1162.0,2,24.67,Furnished,20000
190,1265.0,2,11.48,Semifurnished,22000
191,1300.0,2,6.73,Semifurnished,22000
192,1200.0,2,10.42,Semifurnished,15000
193,590.0,1,7.66,Semifurnished,14000
194,10000.0,3,7.31,Semifurnished,45000
195,2000.0,3,7.31,Semifurnished,42000
196,1056.0,2,77.65,Semifurnished,20000
197,1482.0,3,7.88,Semifurnished,34000
198,1700.0,2,5.71,Furnished,80000
199,2551.0,3,12.74,Semifurnished,75000
200,4450.0,4,7.4,Semifurnished,140000
201,1160.0,2,17.39,Semifurnished,22000
202,1134.0,2,2.37,Semifurnished,45000
203,1680.0,3,6.98,Semifurnished,38000
204,1375.0,3,16.39,Semifurnished,27000
205,2428.0,3,7.4,Semifurnished,55000
206,1250.0,2,10.42,Furnished,25000
207,1300.0,2,2.5,Furnished,27000
208,3600.0,1,17.39,Semifurnished,8000
209,2422.0,4,20.2,Semifurnished,26000
210,400.0,1,7.66,Semifurnished,15100
211,2154.0,3,19.09,Semifurnished,38000
212,1500.0,3,39.12,Semifurnished,40000
213,1500.0,3,16.39,Semifurnished,23000
214,500.0,1,10.13,Semifurnished,14000
215,2187.0,3,7.88,Semifurnished,40000
216,500.0,1,10.42,Semifurnished,15000
217,750.0,1,10.42,Semifurnished,14000
218,1532.0,3,10.67,Semifurnished,25000
219,2700.0,3,12.58,Semifurnished,55000
220,897.0,2,69.95,Semifurnished,25000
221,750.0,1,13.76,Semifurnished,15000
222,1820.0,3,11.88,Semifurnished,29000
223,475.0,1,10.42,Semifurnished,13000
224,1400.0,2,12.58,Furnished,40000
225,2000.0,3,50.29,Semifurnished,45000
226,1500.0,2,9.17,Semifurnished,29500
227,6000.0,5,10.67,Furnished,250000
228,1200.0,2,14.55,Semifurnished,22000
229,1480.0,2,10.51,Furnished,27500
230,721.0,1,7.68,Semifurnished,20000
231,1600.0,3,12.58,Semifurnished,43000
232,3000.0,1,7.66,Semifurnished,12500
233,1950.2,3,108.91,Semifurnished,72000
234,700.0,1,6.24,Semifurnished,20000
235,450.0,1,10.42,Semifurnished,15700
236,8000.0,4,8.64,Furnished,420000
237,3500.0,3,3.74,Furnished,75000
238,792.0,2,19.09,Semifurnished,18000
239,1499.0,3,17.39,Semifurnished,22000
240,1180.0,3,16.39,Semifurnished,18000
241,620.0,1,7.68,Semifurnished,18000
242,1470.0,3,10.51,Furnished,25500
243,1100.0,2,10.42,Semifurnished,25000
244,1700.0,2,7.1,Semifurnished,25000
245,691.0,1,6.24,Semifurnished,19000
246,500.0,1,6.24,Semifurnished,12000
247,705.0,1,12.58,Semifurnished,16999
248,950.0,1,39.12,Semifurnished,20000
249,2400.0,1,39.12,Semifurnished,19000
250,350.0,0,38.64,Semifurnished,7000
251,1400.0,2,16.39,Furnished,35000
252,2000.0,3,7.68,Semifurnished,45000
253,1257.0,2,18.06,Semifurnished,25000
254,600.0,3,9.05,Semifurnished,27000
255,1500.0,3,5.8,Semifurnished,20000
256,1881.0,3,10.67,Semifurnished,28000
257,1162.0,2,24.67,Semifurnished,21000
258,650.0,1,14.42,Semifurnished,10000
259,450.0,1,8.87,Semifurnished,13000
260,1000.0,2,8.87,Semifurnished,22000
261,1850.0,3,39.12,Semifurnished,60000
262,2400.0,1,6.95,Furnished,10000
263,700.0,1,9.15,Furnished,23000
264,1650.0,3,6.98,Semifurnished,24500
265,1350.0,2,6.98,Furnished,28000
266,1400.0,3,6.98,Furnished,30000
267,2246.0,3,39.12,Semifurnished,75000
268,750.0,1,14.06,Furnished,15000
269,1180.0,2,4.34,Furnished,35000
270,1350.0,3,40.79,Furnished,30600
271,650.0,2,5.34,Semifurnished,1150000
272,1000.0,2,15.56,Semifurnished,15000
273,1550.0,3,7.56,Semifurnished,30000
274,3198.0,4,20.2,Semifurnished,28000
275,400.0,1,7.66,Semifurnished,11600
276,480.0,1,6.95,Semifurnished,9000
277,550.0,1,9.86,Semifurnished,15500
278,510.0,1,9.17,Semifurnished,17500
279,800.0,2,39.12,Semifurnished,23000
280,800.0,1,9.17,Semifurnished,19000
281,850.0,2,12.58,Semifurnished,16000
282,1560.0,3,14.36,Semifurnished,32800
283,550.0,1,39.12,Semifurnished,16100
284,2590.0,4,119.75,Semifurnished,55000
285,1650.0,3,6.95,Semifurnished,22500
286,1650.0,3,4.34,Semifurnished,55000
287,2400.0,1,39.12,Semifurnished,19000
288,1110.0,2,14.98,Semifurnished,20000
289,250.0,1,6.17,Semifurnished,13000
290,1600.0,3,10.1,Semifurnished,15000
291,1409.0,3,12.72,Semifurnished,27000
292,1050.0,2,6.95,Furnished,14000
293,1780.0,3,6.98,Semifurnished,35000
294,1804.37,3,111.69,Semifurnished,30000
295,750.0,1,4.85,Semifurnished,13000
296,2100.0,3,6.45,Semifurnished,65000
297,1771.0,3,3.8,Semifurnished,75000
298,2400.0,2,6.45,Furnished,28000
299,1108.0,2,16.39,Semifurnished,24000
300,1265.0,3,11.88,Semifurnished,30000
301,1285.0,2,16.39,Semifurnished,20000
302,500.0,1,12.58,Semifurnished,14500
303,1600.0,3,9.17,Semifurnished,32000
304,450.0,1,7.66,Semifurnished,10000
305,800.0,1,9.15,Furnished,22000
306,2500.0,3,4.34,Semifurnished,65000
307,650.0,1,9.15,Semifurnished,20000
308,1665.0,3,6.73,Semifurnished,27000
309,1200.0,2,15.65,Semifurnished,26500
310,1245.0,2,14.35,Furnished,25000
311,1215.0,2,17.97,Semifurnished,28000
312,1200.0,2,9.95,Semifurnished,19000
313,1300.0,2,6.24,Semifurnished,30000
314,2400.0,2,7.16,Semifurnished,39000
315,1500.0,3,43.31,Semifurnished,27000
316,2079.0,4,20.2,Semifurnished,27000
317,1000.0,2,21.07,Furnished,29000
318,780.0,1,6.98,Semifurnished,11000
319,780.0,1,6.98,Semifurnished,12000
320,1128.0,2,16.39,Furnished,30000
321,1500.0,1,9.17,Semifurnished,19500
322,2052.69,3,108.91,Semifurnished,65000
323,1350.0,3,14.35,Semifurnished,20000
324,550.0,1,9.59,Semifurnished,16000
325,3606.0,4,16.1,Furnished,65000
326,965.0,2,126.97,Semifurnished,21000
327,1279.0,2,11.88,Semifurnished,20500
328,1300.0,2,37.06,Semifurnished,10000
329,1500.0,1,39.13,Semifurnished,15000
330,1199.0,2,9.05,Semifurnished,23000
331,1000.0,1,7.66,Semifurnished,13500
332,1844.0,3,43.9,Semifurnished,28500
333,1575.0,3,7.88,Semifurnished,35000
334,2000.0,3,16.39,Furnished,40000
335,1134.0,2,2.37,Furnished,60000
336,1300.0,3,6.25,Semifurnished,26000
337,1300.0,2,5.01,Semifurnished,22000
338,1200.0,2,11.89,Semifurnished,24000
339,1134.0,2,7.4,Semifurnished,34000
340,1100.0,2,9.17,Semifurnished,28000
341,1636.0,3,24.67,Semifurnished,26000
342,1278.0,2,7.88,Semifurnished,27000
343,2476.0,4,7.4,Semifurnished,56000
344,600.0,1,7.1,Semifurnished,12500
345,1200.0,1,7.66,Semifurnished,15500
346,550.0,2,7.66,Semifurnished,15600
347,797.0,2,19.09,Semifurnished,15000
348,1300.0,3,6.73,Semifurnished,20000
349,982.0,1,7.68,Semifurnished,22000
350,1450.0,3,2.64,Furnished,50000
351,1664.0,3,14.55,Semifurnished,30000
352,750.0,1,12.58,Furnished,20000
353,3000.0,4,10.96,Semifurnished,85000
354,1000.0,1,132.45,Semifurnished,16000
355,2350.0,4,6.43,Furnished,450000
356,956.0,2,43.31,Semifurnished,14500
357,2600.0,3,12.19,Semifurnished,60000
358,1729.0,3,20.2,Semifurnished,26000
359,700.0,1,7.68,Semifurnished,16500
360,1260.0,2,14.98,Semifurnished,25000
361,1450.0,3,51.37,Semifurnished,23000
362,2000.0,3,15.65,Semifurnished,55000
363,352.0,0,7.1,Furnished,13500
364,1535.0,3,10.1,Furnished,36000
365,1200.0,1,9.17,Semifurnished,18000
366,1790.0,3,10.67,Semifurnished,30000
367,1125.0,2,14.55,Semifurnished,22000
368,1350.0,3,69.95,Semifurnished,31000
369,1700.0,3,9.86,Furnished,35000
370,565.0,1,14.55,Semifurnished,17000
371,1680.0,3,126.97,Semifurnished,28000
372,1730.0,3,19.09,Semifurnished,30000
373,400.0,1,6.21,Furnished,21000
374,1200.0,1,19.74,Semifurnished,13500
375,225.0,0,10.42,Semifurnished,8000
376,684.0,1,19.09,Semifurnished,11000
377,541.0,1,19.09,Semifurnished,11000
378,700.0,1,9.15,Semifurnished,18000
379,1422.0,2,3.53,Semifurnished,40500
380,1350.0,1,6.98,Semifurnished,12500
381,1350.0,3,10.7,Semifurnished,14000
382,1400.0,2,6.98,Semifurnished,25000
383,15053.76,3,16.39,Semifurnished,25000
384,1300.0,3,39.12,Semifurnished,40000
385,1434.0,3,11.88,Semifurnished,22000
386,450.0,0,6.73,Semifurnished,6500
387,1798.0,3,10.1,Semifurnished,38000
388,791.0,2,19.09,Semifurnished,18500
389,2700.0,3,9.86,Semifurnished,35000
390,1200.0,2,10.42,Furnished,24000
391,6000.0,3,2.64,Semifurnished,300000
392,1524.0,3,10.1,Semifurnished,30000
393,800.0,1,39.12,Semifurnished,18000
394,1200.0,1,9.15,Semifurnished,19500
395,1917.0,3,10.67,Semifurnished,30000
396,1100.0,3,2.37,Semifurnished,50000
397,1801.0,3,10.67,Semifurnished,30000
398,950.0,2,10.42,Semifurnished,17000
399,610.0,1,14.55,Semifurnished,15000
400,2100.0,4,7.68,Semifurnished,50000
401,1400.0,2,9.05,Semifurnished,25000
402,601.0,1,19.09,Semifurnished,12000
403,3345.0,4,6.17,Semifurnished,200000
404,541.0,1,19.09,Semifurnished,11000
405,1100.0,2,10.42,Semifurnished,20000
406,1200.0,3,35.82,Semifurnished,9000
407,600.0,1,40.7,Semifurnished,8500
408,1200.0,3,138.39,Semifurnished,16000
409,2134.0,3,17.97,Semifurnished,40000
410,600.0,2,9.17,Semifurnished,20000
411,1632.0,4,120.79,Semifurnished,20000
412,1500.0,3,6.24,Semifurnished,28000
413,1680.0,3,6.98,Semifurnished,37000
414,600.0,1,10.42,Semifurnished,11000
415,700.0,1,11.06,Semifurnished,10000
416,1315.0,3,11.22,Semifurnished,18000
417,2400.0,3,8.86,Semifurnished,25000
418,1250.0,2,16.39,Semifurnished,23000
419,600.0,1,17.56,Semifurnished,9500
420,1531.0,3,10.67,Semifurnished,25000
421,400.0,1,7.66,Semifurnished,12600
422,400.0,1,7.66,Semifurnished,12000
423,1250.0,2,19.09,Semifurnished,18500
424,1744.0,3,39.12,Furnished,65000
425,600.0,2,9.75,Semifurnished,9500
426,550.0,1,8.06,Semifurnished,7000
427,1100.0,2,12.71,Semifurnished,11500
428,1200.0,0,13.71,Semifurnished,8000
429,1950.2,3,108.91,Semifurnished,77000
430,1250.0,3,21.73,Furnished,17000
431,1435.0,3,11.88,Semifurnished,24500
432,1297.0,2,11.88,Semifurnished,22500
433,1400.0,2,11.88,Semifurnished,21000
434,1410.0,3,11.88,Semifurnished,21000
435,1420.0,3,11.88,Semifurnished,25000
436,1959.0,3,10.67,Semifurnished,32000
437,950.0,2,6.24,Semifurnished,19000
438,1800.0,3,10.1,Semifurnished,37000
439,3900.0,4,7.4,Semifurnished,150000
440,1150.0,2,6.23,Semifurnished,15000
441,700.0,1,12.19,Semifurnished,16980
442,671.0,1,7.66,Semifurnished,13500
443,1800.0,3,3.53,Semifurnished,45000
444,1745.0,3,10.51,Furnished,20000
445,1556.0,3,14.55,Semifurnished,32000
446,550.0,1,39.12,Semifurnished,17100
447,522.0,1,6.77,Semifurnished,13500
448,6786.0,2,13.8,Semifurnished,22000
449,1200.0,2,6.85,Semifurnished,23000
450,1850.0,3,39.12,Semifurnished,60000
451,950.0,2,127.39,Semifurnished,16000
452,1600.0,3,10.27,Semifurnished,24000
453,1790.0,3,10.67,Semifurnished,24000
454,1755.0,3,6.95,Semifurnished,30000
455,687.0,1,6.24,Semifurnished,19000
456,700.0,2,19.12,Semifurnished,14500
457,800.0,2,19.12,Semifurnished,14000
458,1450.0,2,11.73,Semifurnished,21000
459,600.0,1,9.15,Furnished,25000
460,1090.0,2,19.09,Semifurnished,14500
461,1353.0,3,15.84,Semifurnished,20000
462,542.0,1,19.09,Semifurnished,11500
463,575.0,1,7.66,Semifurnished,14000
464,550.0,1,7.66,Semifurnished,14000
465,2400.0,2,39.12,Semifurnished,28000
466,2501.0,4,5.89,Semifurnished,45000
467,1350.0,2,50.29,Semifurnished,31000
468,983.0,1,7.68,Semifurnished,21000
469,851.0,1,7.68,Semifurnished,20000
470,1569.0,3,10.67,Semifurnished,30000
471,1150.0,2,2.02,Furnished,45000
472,1500.0,2,3.53,Semifurnished,23000
473,1805.0,3,10.1,Furnished,50000
474,700.0,1,10.96,Semifurnished,20000
475,686.0,1,10.96,Semifurnished,19500
476,250.0,0,9.86,Semifurnished,8000
477,1745.0,3,10.51,Semifurnished,20000
478,1680.0,3,10.51,Furnished,26000
479,3500.0,4,10.67,Semifurnished,60000
480,1150.0,2,10.42,Furnished,18900
481,605.0,1,14.98,Semifurnished,15500
482,1734.0,3,14.55,Semifurnished,41000
483,991.0,2,19.09,Semifurnished,100000
484,1200.0,2,7.85,Semifurnished,30000
485,650.0,1,14.55,Furnished,18000
486,1480.0,2,10.51,Semifurnished,21500
487,500.0,1,9.17,Semifurnished,19000
488,1250.0,2,9.14,Semifurnished,36500
489,1250.0,2,9.14,Semifurnished,35000
490,1300.0,2,9.14,Semifurnished,36500
491,1300.0,2,9.14,Semifurnished,36600
492,2400.0,2,14.89,Semifurnished,23000
493,1202.64,2,6.73,Semifurnished,33000
494,1500.0,3,8.13,Semifurnished,28000
495,285.0,0,6.17,Furnished,25000
496,300.0,0,6.08,Furnished,25000
497,1919.0,3,14.42,Semifurnished,40000
498,1569.0,3,10.67,Semifurnished,28000
499,581.0,1,11.27,Semifurnished,16000
500,700.0,1,10.96,Semifurnished,19800
501,1134.0,2,2.37,Furnished,55000
502,400.0,1,10.96,Semifurnished,12000
503,1700.0,3,6.17,Semifurnished,50000
504,300.0,0,6.45,Furnished,15000
505,696.0,1,10.96,Semifurnished,18000
506,1948.0,3,10.67,Semifurnished,29000
507,2502.0,4,119.75,Semifurnished,60000
508,700.0,1,126.97,Furnished,14000
509,810.0,1,6.98,Semifurnished,11500
510,1262.0,2,14.98,Semifurnished,24000
511,1200.0,2,4.34,Semifurnished,33000
512,650.0,1,7.1,Semifurnished,16500
513,900.0,1,10.42,Furnished,31000
514,650.0,1,7.1,Semifurnished,16100
515,2000.0,3,15.65,Semifurnished,55000
516,691.0,1,10.96,Semifurnished,18000
517,1300.0,3,11.89,Semifurnished,24000
518,1200.0,1,7.16,Furnished,30000
519,1700.0,3,39.12,Furnished,50000
520,800.0,1,7.66,Semifurnished,14500
521,1460.0,3,13.88,Semifurnished,27892
522,700.0,1,15.65,Semifurnished,18000
523,650.0,1,6.77,Semifurnished,11000
524,1790.0,3,6.98,Semifurnished,37000
525,750.0,1,7.68,Semifurnished,21000
526,3236.0,3,4.34,Semifurnished,110000
527,1605.0,3,17.39,Semifurnished,29000
528,1846.0,3,7.88,Semifurnished,39000
529,1250.0,2,7.68,Semifurnished,25000
530,1000.0,1,7.66,Semifurnished,13500
531,1265.0,3,11.88,Semifurnished,27600
532,1159.0,2,11.88,Semifurnished,17500
533,1225.0,3,8.88,Semifurnished,18000
534,4500.0,4,10.27,Furnished,150000
535,1597.0,3,13.79,Semifurnished,30000
536,1510.0,3,14.42,Semifurnished,37000
537,2422.0,4,20.2,Semifurnished,32000
538,691.0,1,7.66,Semifurnished,11500
539,2200.0,3,3.53,Furnished,73000
540,1250.0,3,21.73,Semifurnished,16000
541,3000.0,4,5.75,Semifurnished,70000
542,1632.0,3,11.88,Semifurnished,29000
543,600.0,1,9.17,Semifurnished,17000
544,600.0,1,3.86,Semifurnished,15000
545,600.0,1,10.42,Semifurnished,15500
546,1257.0,2,18.06,Semifurnished,22000
547,480.0,1,129.64,Semifurnished,11000
548,1400.0,2,18.06,Semifurnished,25000
549,600.0,1,18.06,Semifurnished,13000
550,2052.69,3,108.91,Semifurnished,70000
551,1100.0,1,39.12,Semifurnished,20000
552,1350.0,2,19.09,Semifurnished,19000
553,650.0,1,9.86,Semifurnished,13000
554,1200.0,2,9.86,Semifurnished,21000
555,1200.0,2,9.86,Semifurnished,19500
556,1400.0,3,127.39,Semifurnished,25000
557,650.0,1,15.65,Furnished,16500
558,1644.0,3,16.39,Semifurnished,33000
559,650.0,1,19.74,Semifurnished,14000
560,1600.0,3,69.95,Semifurnished,35000
561,2476.0,4,7.4,Semifurnished,55000
562,300.0,0,6.45,Furnished,15000
563,800.0,1,9.14,Furnished,16000
564,1721.0,3,20.2,Semifurnished,26000
565,1900.0,3,119.75,Semifurnished,28000
566,1201.0,3,14.35,Semifurnished,10000
567,1111.0,2,9.05,Semifurnished,23000
568,400.0,0,12.58,Semifurnished,7500
569,300.0,2,7.14,Furnished,6500
570,400.0,1,4.66,Semifurnished,15000
571,65340.0,9,14.35,Semifurnished,1000000
572,1325.0,3,13.88,Semifurnished,27400
573,2400.0,1,5.82,Semifurnished,100000
574,780.0,1,6.98,Semifurnished,10000
575,2658.0,4,10.39,Semifurnished,50000
576,1150.0,2,6.17,Semifurnished,28000
577,2000.0,3,4.66,Furnished,65000
578,1155.0,2,14.35,Semifurnished,17000
579,1420.0,3,11.88,Semifurnished,26000
580,550.0,2,16.39,Semifurnished,15000
581,1200.0,1,7.66,Semifurnished,12000
582,3100.0,3,6.17,Furnished,85000
583,1733.0,3,10.67,Semifurnished,23000
584,2350.0,3,7.88,Semifurnished,45000
585,750.0,1,9.15,Semifurnished,18000
586,600.0,1,11.89,Semifurnished,14500
587,1200.0,2,39.12,Furnished,38000
588,1200.0,2,40.7,Furnished,16000
589,350.0,1,1.67,Furnished,8000
590,1350.0,2,12.19,Semifurnished,24000
591,1700.0,3,10.1,Semifurnished,32000
592,350.0,0,71.21,Semifurnished,4700
593,680.0,1,7.66,Semifurnished,15000
594,700.0,1,7.66,Semifurnished,16000
595,1200.0,2,5.73,Semifurnished,18000
596,1285.0,3,10.27,Furnished,45000
597,1349.0,2,7.4,Semifurnished,34000
598,1164.0,2,128.55,Semifurnished,19500
599,1000.0,2,7.14,Semifurnished,18000
600,1597.0,3,14.11,Semifurnished,40000
601,1000.0,1,7.66,Semifurnished,11500
602,1021.0,2,126.97,Semifurnished,21000
603,950.0,2,43.31,Semifurnished,14500
604,1564.0,3,10.67,Semifurnished,30000
605,1917.0,3,10.67,Semifurnished,26000
606,1050.0,2,9.17,Semifurnished,30000
607,2475.0,3,3.53,Semifurnished,72000
608,1250.0,2,6.85,Semifurnished,25000
609,1519.0,3,11.88,Semifurnished,21100
610,625.0,1,9.86,Semifurnished,12000
611,1600.0,3,146.17,Semifurnished,20000
612,1200.0,1,9.17,Semifurnished,18000
613,8500.0,5,10.47,Semifurnished,350000
614,800.0,1,9.05,Semifurnished,13000
615,1500.0,3,2.64,Furnished,50000
616,1407.0,2,8.88,Semifurnished,27000
617,800.0,1,7.66,Semifurnished,13500
618,1840.0,3,6.14,Semifurnished,29000
619,1620.0,3,11.88,Semifurnished,25500
620,700.0,1,84.13,Furnished,25000
621,745.0,1,7.68,Semifurnished,22000
622,1200.0,2,5.71,Semifurnished,30000
623,1300.0,2,3.53,Semifurnished,32000
624,1822.0,3,10.67,Semifurnished,32000
625,2000.0,3,3.74,Furnished,85000
626,748.0,1,7.68,Semifurnished,22000
627,2067.0,4,20.2,Semifurnished,27000
628,590.0,1,7.66,Semifurnished,14200
629,1200.0,2,5.71,Semifurnished,27000
630,550.0,1,7.66,Semifurnished,16500
631,1576.0,3,10.67,Semifurnished,25000
632,897.0,2,69.95,Semifurnished,25000
633,1552.0,3,10.96,Semifurnished,45000
634,2400.0,3,20.2,Semifurnished,39000
635,1300.0,2,7.66,Semifurnished,22000
636,700.0,1,11.88,Furnished,13000
637,1200.0,2,7.16,Semifurnished,15000
638,225.0,0,10.42,Semifurnished,8000
639,700.0,1,6.24,Semifurnished,20000
640,1850.0,3,14.42,Semifurnished,40000
641,600.0,1,9.86,Semifurnished,14000
642,600.0,1,10.13,Semifurnished,15000
643,500.0,0,127.39,Semifurnished,5500
644,1200.0,2,5.71,Semifurnished,28000
645,1595.0,3,77.65,Semifurnished,25000
646,1100.0,2,7.52,Furnished,18000
647,500.0,1,6.77,Semifurnished,12000
648,2225.0,3,7.4,Semifurnished,30000
649,650.0,1,10.42,Semifurnished,13000
650,615.0,1,6.24,Semifurnished,19000
651,1470.0,3,10.51,Semifurnished,24000
652,1650.0,3,6.95,Semifurnished,30500
653,1888.0,3,10.67,Semifurnished,33000
654,1100.0,2,7.05,Furnished,26000
655,605.0,1,12.58,Furnished,26500
656,1595.0,3,10.67,Semifurnished,27000
657,701.0,1,12.58,Furnished,19720
658,1200.0,2,9.86,Semifurnished,22000
659,1917.0,3,77.65,Semifurnished,25000
660,250.0,0,6.17,Semifurnished,13100
661,600.0,1,9.17,Semifurnished,17000
662,1595.0,3,77.65,Semifurnished,24000
663,1265.0,3,77.65,Semifurnished,22000
664,625.0,1,5.71,Semifurnished,17000
665,1150.0,2,6.98,Semifurnished,15000
666,900.0,1,10.42,Semifurnished,14000
667,804.0,2,14.55,Semifurnished,14801
668,600.0,1,7.68,Semifurnished,13000
669,16129.03,3,13.79,Semifurnished,31000
670,700.0,1,12.19,Semifurnished,16500
671,2246.0,3,39.12,Furnished,85000
672,2000.0,3,9.97,Furnished,45000
673,1200.0,2,4.66,Semifurnished,24000
674,300.0,0,6.08,Furnished,22000
675,1000.0,2,10.42,Semifurnished,21000
676,275.0,0,84.13,Furnished,30000
677,1275.0,2,9.86,Semifurnished,25000
678,500.0,1,9.86,Semifurnished,14000
679,650.0,1,9.17,Semifurnished,17000
680,1790.0,3,17.39,Semifurnished,35000
681,1425.0,3,12.72,Semifurnished,25000
682,380.0,1,7.66,Semifurnished,11300
683,520.0,1,8.64,Semifurnished,17000
684,1650.0,3,4.66,Furnished,80000
685,684.0,1,14.98,Semifurnished,16000
686,1150.0,1,6.45,Semifurnished,24000
687,3600.0,2,7.68,Semifurnished,22000
688,2400.0,2,39.12,Furnished,35000
689,1023.0,2,12.72,Semifurnished,18000
690,900.0,2,39.12,Semifurnished,33500
691,689.0,1,69.95,Semifurnished,15000
692,1075.0,3,30.83,Semifurnished,11000
693,600.0,0,6.52,Semifurnished,21000
694,600.0,2,7.66,Semifurnished,15000
695,680.0,1,11.27,Semifurnished,15000
696,500.0,1,1.67,Semifurnished,14000
697,450.0,1,84.13,Semifurnished,16000
698,1760.0,3,12.09,Semifurnished,32000
699,1200.0,1,9.95,Semifurnished,11000
700,2400.0,3,5.71,Semifurnished,70000
701,1250.0,2,16.53,Semifurnished,25000
702,1200.0,2,1.87,Semifurnished,45000
703,1275.0,2,84.13,Semifurnished,36000
704,600.0,1,9.15,Semifurnished,20000
705,1400.0,2,4.34,Semifurnished,35000
706,1400.0,2,5.8,Semifurnished,19000
707,1300.0,3,8.88,Semifurnished,18000
708,747.0,1,7.68,Semifurnished,23000
709,4330.0,4,13.94,Furnished,95000
710,700.0,1,7.68,Semifurnished,17000
711,1250.0,2,84.13,Furnished,40000
712,933.0,2,10.67,Semifurnished,18000
713,1230.0,3,6.73,Semifurnished,24000
714,1320.0,2,7.16,Furnished,70000
715,2476.0,4,7.4,Furnished,65000
716,550.0,1,6.77,Furnished,22000
717,500.0,2,43.31,Semifurnished,20000
718,1800.0,3,14.55,Semifurnished,35000
719,1480.0,3,8.06,Semifurnished,20000
720,1690.0,3,11.88,Semifurnished,26000
721,9000.0,5,10.1,Semifurnished,950000
722,200.0,1,9.17,Furnished,14499
723,1700.0,2,6.98,Semifurnished,19000
724,1300.0,2,6.73,Semifurnished,25000
725,1232.0,2,7.88,Semifurnished,26000
726,2400.0,2,7.66,Semifurnished,21000
727,9000.0,6,13.45,Semifurnished,110000
728,650.0,1,12.58,Semifurnished,13000
729,1744.0,3,39.12,Semifurnished,60000
730,1200.0,2,40.79,Semifurnished,14000
731,1075.0,3,14.35,Semifurnished,10000
732,1690.0,3,13.59,Semifurnished,25000
733,481.0,1,8.13,Semifurnished,12000
734,800.0,2,7.57,Semifurnished,1500000
735,781.0,1,13.8,Semifurnished,17000
736,1250.0,3,11.04,Furnished,20000
737,1259.0,2,127.39,Furnished,25000
738,1400.0,2,9.17,Semifurnished,35000
739,950.0,3,3.53,Semifurnished,30000
740,1680.0,3,10.1,Furnished,34000
741,150.0,1,7.52,Semifurnished,3800
742,1850.0,3,24.67,Semifurnished,30000
743,2957.0,4,7.88,Furnished,150000
744,800.0,2,8.64,Semifurnished,19000
745,1200.0,2,19.12,Semifurnished,23000
746,546.0,1,10.42,Semifurnished,14500
747,2475.0,3,3.53,Furnished,90000
748,800.0,1,19.09,Semifurnished,12000
749,530.0,1,18.06,Semifurnished,15000
750,1200.0,1,18.06,Semifurnished,15000
751,550.0,1,18.06,Semifurnished,15000
752,1900.0,3,15.65,Semifurnished,55000
753,2050.0,3,3.53,Semifurnished,55000
754,1150.0,2,8.64,Furnished,32000
755,1265.0,3,11.88,Semifurnished,27000
756,1850.0,3,126.97,Semifurnished,23000
757,1250.0,2,6.45,Semifurnished,28000
758,1153.0,2,24.67,Semifurnished,18000
759,1250.0,1,6.98,Semifurnished,12700
760,2100.0,3,6.45,Furnished,60000
761,1650.0,3,9.05,Semifurnished,33000
762,600.0,1,12.58,Semifurnished,17500
763,2825.0,4,6.73,Semifurnished,100000
764,3740.0,4,10.96,Semifurnished,90000
765,2000.0,3,17.61,Semifurnished,17000
766,2250.0,4,16.39,Semifurnished,36000
767,851.0,1,13.45,Semifurnished,15000
768,874.0,2,14.55,Semifurnished,17900
769,800.0,1,15.65,Semifurnished,15000
770,2020.0,3,11.88,Furnished,33000
771,850.0,1,9.17,Furnished,26000
772,650.0,1,11.89,Semifurnished,17000
773,1500.0,3,14.89,Furnished,32000
774,1410.0,2,11.88,Semifurnished,18000
775,1150.0,2,69.95,Semifurnished,29000
776,1987.0,3,7.4,Semifurnished,45000
777,1200.0,2,11.89,Semifurnished,25000
778,1150.0,2,10.42,Semifurnished,19500
779,3300.0,3,10.1,Furnished,110000
780,1200.0,2,9.15,Semifurnished,40000
781,1745.0,3,10.51,Semifurnished,26000
782,2430.0,3,7.4,Semifurnished,55000
783,1721.0,3,20.2,Semifurnished,23000
784,1280.0,2,16.39,Semifurnished,20000
785,1000.0,2,39.12,Semifurnished,34000
786,1468.0,2,14.35,Semifurnished,35000
787,1200.0,2,15.65,Semifurnished,20000
788,2218.0,3,11.88,Semifurnished,40000
789,1285.0,2,10.51,Semifurnished,21000
790,1180.0,2,19.12,Semifurnished,16000
791,650.0,1,10.42,Semifurnished,13000
792,1948.0,3,10.67,Semifurnished,27000
793,550.0,1,6.77,Semifurnished,9500
794,1200.0,2,5.09,Semifurnished,40000
795,1046.0,2,10.67,Semifurnished,20000
796,1790.0,3,10.67,Semifurnished,23000
797,1500.0,1,7.66,Semifurnished,15500
798,2218.0,3,126.97,Semifurnished,35000
799,619.0,1,7.68,Semifurnished,17000
800,612.0,1,7.68,Semifurnished,17000
801,610.0,1,7.68,Semifurnished,18000
802,1948.0,3,10.67,Semifurnished,30000
803,460.0,1,6.77,Semifurnished,11100
804,1200.0,2,3.8,Semifurnished,32000
805,1426.0,2,3.53,Semifurnished,39500
806,1425.0,2,3.53,Semifurnished,39000
807,1424.0,2,3.53,Semifurnished,41500
808,1423.0,2,3.53,Semifurnished,41000
809,1421.0,2,3.53,Semifurnished,40000
810,1128.0,2,16.39,Semifurnished,24000
811,4500.0,1,5.8,Semifurnished,12500
812,700.0,1,7.66,Semifurnished,14000
813,1264.0,2,14.98,Semifurnished,25000
814,1257.0,2,19.12,Semifurnished,25000
815,180.0,0,8.75,Semifurnished,3000
816,681.0,1,8.75,Semifurnished,20000
817,783.0,2,19.09,Semifurnished,16500
818,683.0,1,8.75,Semifurnished,19000
819,1460.0,2,9.04,Semifurnished,34000
820,875.0,1,12.65,Semifurnished,8500
821,600.0,1,14.98,Furnished,19000
822,2363.0,3,12.72,Furnished,63000
823,750.0,1,119.75,Semifurnished,11000
824,1900.0,3,6.78,Semifurnished,52000
825,1750.0,4,10.1,Semifurnished,16000
826,600.0,1,6.17,Semifurnished,17000
827,1023.0,2,7.68,Semifurnished,27000
828,2159.0,3,14.35,Furnished,48000
829,250.0,1,10.13,Semifurnished,7000
830,750.0,2,12.45,Semifurnished,13000
831,1650.0,3,11.73,Semifurnished,20000
832,900.0,1,9.15,Semifurnished,15000
833,2400.0,3,11.82,Furnished,22500
834,300.0,1,6.17,Semifurnished,18000
835,1250.0,2,3.74,Semifurnished,30000
836,1650.0,3,19.09,Semifurnished,20000
837,1500.0,3,10.42,Furnished,31500
838,1000.0,2,12.58,Semifurnished,18000
839,3000.0,4,4.34,Semifurnished,68000
840,600.0,1,11.38,Semifurnished,16000
841,1801.0,2,11.88,Furnished,50000
842,2600.0,3,6.85,Furnished,55000
843,700.0,1,7.68,Semifurnished,22000
844,1100.0,2,6.08,Semifurnished,29000
845,600.0,1,10.42,Semifurnished,12000
846,1546.0,2,8.25,Furnished,38000
847,1610.0,3,14.35,Semifurnished,28000
848,1250.0,2,13.88,Furnished,27800
849,2400.0,2,9.17,Semifurnished,28500
850,1200.0,2,5.8,Semifurnished,25000
851,1680.0,3,126.97,Semifurnished,31000
852,800.0,1,7.66,Semifurnished,11500
853,605.0,1,7.66,Furnished,23000
854,310.0,1,7.9,Semifurnished,20100
855,2180.0,4,11.88,Semifurnished,30000
856,1200.0,2,10.42,Semifurnished,20000
857,1310.0,3,11.27,Furnished,34145
858,600.0,1,5.89,Semifurnished,11000
859,867.0,2,69.95,Semifurnished,23000
860,1500.0,3,3.53,Semifurnished,40000
861,2000.0,3,3.53,Semifurnished,45000
862,891.0,2,19.09,Semifurnished,16000
863,621.0,1,19.09,Semifurnished,12500
864,450.0,1,9.86,Semifurnished,14000
865,1300.0,3,6.08,Furnished,42000
866,1200.0,2,19.09,Semifurnished,17000
867,1100.0,2,5.8,Semifurnished,17000
868,402.0,1,11.88,Semifurnished,10200
869,500.0,1,7.1,Semifurnished,11500
870,1085.0,2,54.76,Furnished,20000
871,800.0,2,4.78,Furnished,15000
872,1075.0,3,14.35,Furnished,16000
873,910.0,2,28.25,Semifurnished,13500
874,1350.0,4,7.71,Semifurnished,23000
875,1100.0,2,24.42,Semifurnished,10000
876,1100.0,3,6.53,Semifurnished,26000
877,1400.0,3,16.53,Furnished,40000
878,1200.0,3,51.37,Semifurnished,16000
879,700.0,1,6.45,Semifurnished,16000
880,1200.0,2,10.5,Semifurnished,20000
881,1200.0,2,37.06,Semifurnished,10000
882,1450.0,3,43.31,Semifurnished,27100
883,550.0,1,6.77,Semifurnished,12500
884,500.0,1,17.39,Semifurnished,12000
885,500.0,1,17.39,Semifurnished,11500
886,1256.0,2,9.73,Semifurnished,1300000
887,1000.0,2,1.87,Semifurnished,21000
888,2000.0,3,7.88,Semifurnished,35000
889,550.0,1,7.66,Semifurnished,13000
890,1210.0,2,6.98,Semifurnished,19000
891,1210.0,2,6.98,Semifurnished,18000
892,900.0,1,9.15,Furnished,22000
893,1498.0,3,9.97,Semifurnished,29000
894,1600.0,3,7.05,Semifurnished,22000
895,1310.0,2,5.01,Semifurnished,22000
896,1180.0,2,7.68,Semifurnished,26000
897,1500.0,1,8.25,Semifurnished,13700
898,2061.0,3,11.88,Semifurnished,35000
899,1583.0,3,12.58,Semifurnished,42000
900,650.0,1,7.66,Semifurnished,15000
901,500.0,1,3.62,Semifurnished,21000
902,1482.0,3,7.88,Semifurnished,35000
903,4000.0,1,6.77,Semifurnished,13000
904,610.0,1,6.77,Semifurnished,14000
905,900.0,1,7.1,Furnished,10500
906,1841.0,3,50.71,Semifurnished,18000
907,758.0,2,7.68,Semifurnished,18000
908,1300.0,2,9.17,Semifurnished,28500
909,1820.0,3,11.88,Semifurnished,23500
910,700.0,1,7.66,Semifurnished,13000
911,1365.0,2,6.98,Semifurnished,33000
912,1200.0,2,10.42,Semifurnished,18500
913,700.0,1,7.85,Semifurnished,14000
914,650.0,1,13.8,Semifurnished,18500
915,450.0,1,16.39,Semifurnished,6000
916,2000.0,3,14.35,Semifurnished,36000
917,2700.0,3,4.34,Semifurnished,65000
918,2200.0,3,3.8,Semifurnished,65000
919,550.0,1,7.66,Semifurnished,11000
920,1980.0,3,4.34,Semifurnished,60000
921,2404.0,3,4.99,Semifurnished,85000
922,600.0,1,10.42,Semifurnished,17000
923,500.0,1,7.1,Semifurnished,12000
924,1636.0,3,24.67,Semifurnished,21000
925,300.0,0,6.52,Furnished,18000
926,1265.0,3,77.65,Semifurnished,26000
927,575.0,1,9.86,Semifurnished,14000
928,1100.0,2,39.12,Semifurnished,33000
929,2600.0,4,10.27,Semifurnished,50000
930,1430.0,2,127.39,Semifurnished,22000
931,1240.0,2,14.36,Semifurnished,22600
932,1150.0,2,7.4,Semifurnished,16500
933,695.0,1,12.58,Semifurnished,17000
934,1000.0,2,8.75,Semifurnished,19000
935,1800.0,3,4.66,Semifurnished,60000
936,1690.0,3,11.88,Semifurnished,25500
937,650.0,1,39.12,Semifurnished,17500
938,2182.12,3,6.73,Semifurnished,48000
939,731.0,1,7.68,Semifurnished,19000
940,1805.0,3,10.1,Furnished,49000
941,1200.0,2,39.12,Semifurnished,32000
942,1000.0,2,4.66,Semifurnished,22000
943,1596.0,3,10.67,Semifurnished,27000
944,1601.0,3,10.67,Semifurnished,26000
945,500.0,1,9.31,Semifurnished,13000
946,793.0,2,19.09,Semifurnished,18500
947,1500.0,3,6.98,Semifurnished,25000
948,1200.0,2,7.68,Semifurnished,22000
949,1050.0,2,7.88,Semifurnished,17000
950,905.0,2,14.42,Furnished,12000
951,5000.0,4,13.45,Semifurnished,100000
952,1000.0,1,12.0,Furnished,22000
953,1265.0,3,10.67,Semifurnished,25000
954,1700.0,0,12.58,Semifurnished,28000
955,4050.0,4,14.55,Semifurnished,150000
956,1280.0,2,17.6,Semifurnished,23000
957,1950.2,3,108.91,Semifurnished,65000
958,1950.2,3,108.91,Semifurnished,60000
959,768.0,2,19.09,Semifurnished,16000
960,1670.0,3,51.37,Semifurnished,35000
961,2080.0,3,50.71,Semifurnished,24500
962,1987.0,3,7.4,Semifurnished,39000
963,1760.0,3,12.09,Semifurnished,33000
964,650.0,1,9.15,Semifurnished,18000
965,1600.0,3,11.89,Semifurnished,45000
966,1880.0,3,12.09,Semifurnished,34000
967,1880.0,3,12.09,Semifurnished,35000
968,1160.0,2,5.8,Semifurnished,14000
969,700.0,1,12.58,Semifurnished,17000
970,1180.0,3,14.35,Semifurnished,9500
971,500.0,1,5.8,Semifurnished,10000
972,605.0,1,6.19,Furnished,33000
973,1400.0,2,18.06,Semifurnished,20000
974,1400.0,2,18.06,Semifurnished,17000
975,1500.0,3,10.02,Semifurnished,20000
976,550.0,1,6.08,Semifurnished,15000
977,1200.0,2,9.05,Semifurnished,22500
978,1615.0,3,135.38,Semifurnished,24000
979,1890.0,3,11.88,Semifurnished,24000
980,1710.0,3,11.88,Semifurnished,22000
981,1410.0,3,11.88,Semifurnished,21000
982,1716.0,3,11.88,Semifurnished,23000
983,1890.0,3,11.88,Semifurnished,23000
984,1660.0,3,11.88,Semifurnished,22500
985,1075.0,2,11.88,Semifurnished,19000
986,1250.0,2,14.06,Furnished,24000
987,1000.0,2,9.15,Semifurnished,30000
988,900.0,2,9.15,Semifurnished,26000
989,1110.0,2,9.86,Semifurnished,20000
990,1987.0,3,7.4,Semifurnished,44000
991,1702.0,3,8.64,Semifurnished,45000
992,1000.0,2,39.12,Semifurnished,17000
993,750.0,2,9.05,Semifurnished,15000
994,2476.0,4,7.4,Semifurnished,50000
995,1950.0,3,84.13,Semifurnished,70000
996,1950.0,3,10.67,Semifurnished,30000
997,1927.0,3,10.67,Semifurnished,25000
998,1280.0,2,19.09,Semifurnished,18000
999,1800.0,3,9.05,Semifurnished,19000
1000,2004.0,3,6.12,Semifurnished,60000
1001,1500.0,3,5.46,Semifurnished,25000
1002,1020.0,2,19.12,Semifurnished,16000
1003,1000.0,2,19.12,Semifurnished,16000
1004,1299.0,2,7.4,Semifurnished,35000
1005,1575.0,3,16.39,Semifurnished,30000
1006,400.0,0,6.73,Semifurnished,5500
1007,1550.0,2,6.98,Semifurnished,17000
1008,853.0,1,7.68,Semifurnished,21000
1009,1721.0,3,20.2,Semifurnished,26500
1010,2010.0,3,5.71,Semifurnished,50500
1011,750.0,1,7.68,Semifurnished,18000
1012,1500.0,2,7.66,Semifurnished,25000
1013,1200.0,2,6.98,Semifurnished,23000
1014,1300.0,2,6.98,Semifurnished,25000
1015,2000.0,3,5.71,Semifurnished,70000
1016,1636.0,3,7.88,Semifurnished,37000
1017,1400.0,3,10.42,Semifurnished,25000
1018,2100.0,3,5.71,Semifurnished,55000
1019,1852.0,3,43.9,Semifurnished,29000
1020,900.0,1,5.71,Semifurnished,18000
1021,925.0,1,6.17,Semifurnished,26000
1022,400.0,1,6.77,Furnished,18500
1023,700.0,1,9.17,Semifurnished,23000
1024,1570.0,3,11.88,Semifurnished,22000
1025,1570.0,3,11.88,Semifurnished,23500
1026,1585.0,3,11.88,Semifurnished,24000
1027,1200.0,0,10.96,Furnished,25000
1028,591.0,1,6.77,Semifurnished,12500
1029,3800.0,3,2.02,Semifurnished,250000
1030,750.0,1,34.55,Furnished,25000
1031,1100.0,2,64.58,Semifurnished,24000
1032,714.0,1,12.58,Furnished,19850
1033,1267.0,2,14.98,Semifurnished,24000
1034,1235.0,2,14.98,Semifurnished,25000
1035,1269.0,2,14.98,Semifurnished,25000
1036,1267.0,2,14.98,Semifurnished,25000
1037,1200.0,2,5.71,Semifurnished,30000
1038,585.0,1,10.42,Semifurnished,14000
1039,459.0,1,11.89,Semifurnished,12500
1040,600.0,1,9.05,Semifurnished,12000
1041,1200.0,1,7.66,Semifurnished,14500
1042,750.0,1,9.15,Semifurnished,20000
1043,4100.0,4,4.34,Semifurnished,450000
1044,1250.0,2,8.75,Semifurnished,23000
1045,650.0,1,6.45,Semifurnished,15000
1046,1680.0,3,6.98,Semifurnished,39000
1047,2800.0,4,12.19,Semifurnished,50000
1048,1710.0,3,3.53,Semifurnished,54000
1049,4000.0,4,6.45,Furnished,150000
1050,1260.0,2,6.98,Semifurnished,19500
1051,1100.0,2,10.67,Semifurnished,22000
1052,525.0,1,9.86,Semifurnished,15500
1053,250.0,1,11.89,Semifurnished,10000
1054,1720.0,3,12.72,Semifurnished,28000
1055,1200.0,2,39.12,Semifurnished,27000
1056,2250.0,3,7.66,Semifurnished,45000
1057,400.0,1,16.39,Semifurnished,10000
1058,380.0,1,7.66,Semifurnished,11400
1059,600.0,1,7.66,Semifurnished,11500
1060,1100.0,2,17.81,Semifurnished,14000
1061,600.0,1,15.65,Semifurnished,16000
1062,2218.0,3,126.97,Semifurnished,39000
1063,1000.0,2,6.24,Semifurnished,21000
1064,630.0,1,17.39,Semifurnished,16000
1065,1160.0,2,5.8,Semifurnished,15000
1066,510.0,2,9.05,Semifurnished,12000
1067,950.0,2,43.31,Semifurnished,14500
1068,950.0,2,43.31,Semifurnished,14500
1069,950.0,2,43.31,Semifurnished,14500
1070,951.0,2,43.31,Semifurnished,14500
1071,1500.0,3,17.97,Semifurnished,32000
1072,1590.0,3,17.39,Semifurnished,30000
1073,1131.0,2,13.88,Furnished,28750
1074,2000.0,3,5.71,Semifurnished,60000
1075,605.0,1,7.66,Semifurnished,16000
1076,1200.0,2,39.12,Semifurnished,26000
1077,950.0,2,43.31,Semifurnished,14500
1078,641.0,1,19.09,Semifurnished,11000
1079,1500.0,2,6.85,Semifurnished,20000
1080,500.0,1,7.1,Semifurnished,11000
1081,700.0,1,9.14,Semifurnished,18000
1082,790.0,1,7.1,Furnished,25000
1083,900.0,1,7.85,Semifurnished,14000
1084,900.0,1,7.1,Furnished,25000
1085,700.0,1,7.68,Semifurnished,18000
1086,600.0,1,10.42,Semifurnished,14000
1087,425.0,1,10.42,Semifurnished,13000
1088,4000.0,2,9.17,Semifurnished,80000
1089,600.0,1,6.24,Semifurnished,19000
1090,621.0,1,18.06,Semifurnished,14000
1091,1200.0,2,39.12,Semifurnished,33000
1092,450.0,1,6.78,Furnished,15000
1093,1140.0,2,7.4,Semifurnished,34000
1094,1250.0,2,6.73,Semifurnished,26000
1095,600.0,1,19.09,Semifurnished,11000
1096,1200.0,2,119.75,Semifurnished,23000
1097,300.0,0,14.55,Semifurnished,10500
1098,1080.0,2,10.67,Semifurnished,22000
1099,1985.0,3,10.67,Semifurnished,29000
1100,2673.0,3,10.67,Semifurnished,29000
1101,2484.0,3,10.67,Semifurnished,40000
1102,679.0,1,8.75,Semifurnished,15000
1103,1439.0,2,7.4,Furnished,38000
1104,1650.0,3,126.97,Semifurnished,30500
1105,1200.0,2,9.05,Semifurnished,22000
1106,1200.0,2,19.12,Semifurnished,25000
1107,650.0,1,9.14,Semifurnished,20000
1108,680.0,1,9.14,Semifurnished,21000
1109,624.0,1,19.09,Semifurnished,12500
1110,3100.0,1,7.9,Semifurnished,14400
1111,2050.0,3,3.53,Semifurnished,53000
1112,1000.0,2,39.12,Semifurnished,20000
1113,3500.0,4,10.1,Semifurnished,60000
1114,1200.0,2,39.12,Semifurnished,31000
1115,1100.0,2,39.12,Semifurnished,27000
1116,610.0,1,7.66,Semifurnished,14000
1117,1300.0,2,6.17,Semifurnished,33000
1118,620.0,1,7.12,Semifurnished,7000
1119,1200.0,2,37.54,Semifurnished,25000
1120,1304.0,2,14.35,Semifurnished,24000
1121,2120.0,3,10.1,Semifurnished,52000
1122,1650.0,3,1.87,Semifurnished,40000
1123,3500.0,4,7.2,Semifurnished,130000
1124,1806.0,3,5.01,Semifurnished,34000
1125,1000.0,3,5.8,Semifurnished,40000
1126,1600.0,3,7.16,Semifurnished,45000
1127,1527.0,3,11.88,Semifurnished,30000
1128,475.0,1,10.42,Semifurnished,13000
1129,1250.0,2,50.71,Semifurnished,12000
1130,695.0,1,7.66,Semifurnished,11500
1131,250.0,0,10.42,Semifurnished,8000
1132,1600.0,3,9.97,Semifurnished,30000
1133,1200.0,1,7.66,Semifurnished,15500
1134,1941.0,3,5.01,Semifurnished,35000
1135,1560.0,3,40.79,Semifurnished,18000
1136,1200.0,1,7.66,Semifurnished,12500
1137,1414.0,3,11.88,Semifurnished,27000
1138,1880.0,3,7.66,Semifurnished,48000
1139,1302.0,3,10.67,Semifurnished,28000
1140,3025.0,3,1.87,Furnished,140000
1141,1265.0,2,14.98,Semifurnished,25000
1142,1450.0,2,6.98,Semifurnished,17400
1143,1600.0,2,6.98,Semifurnished,18200
1144,450.0,1,69.95,Semifurnished,14000
1145,750.0,1,7.66,Semifurnished,16500
1146,1100.0,2,39.12,Semifurnished,24500
1147,1000.0,2,19.09,Semifurnished,15000
1148,2400.0,0,7.16,Semifurnished,20000
1149,1615.0,3,33.0,Semifurnished,15000
1150,1200.0,1,9.17,Semifurnished,20000
1151,1182.0,2,12.72,Semifurnished,22000
1152,1600.0,3,21.56,Furnished,20000
1153,1000.0,2,16.39,Semifurnished,22000
1154,651.0,1,132.45,Semifurnished,13500
1155,700.0,1,13.8,Semifurnished,18500
1156,1250.0,2,14.06,Semifurnished,25000
1157,1300.0,2,64.58,Semifurnished,17000
1158,1200.0,2,9.05,Semifurnished,17000
1159,3506.51,4,7.77,Semifurnished,80000
1160,680.0,1,7.68,Semifurnished,14500
1161,2500.0,3,4.34,Semifurnished,65000
1162,750.0,1,7.68,Semifurnished,21000
1163,1332.0,3,6.73,Semifurnished,35000
1164,1750.0,3,43.31,Semifurnished,24000
1165,2695.0,4,10.67,Semifurnished,55000
1166,450.0,1,6.77,Semifurnished,11000
1167,1575.0,3,10.67,Semifurnished,23000
1168,1680.0,3,6.98,Semifurnished,27000
1169,750.0,1,9.17,Furnished,26000
1170,695.0,1,6.77,Semifurnished,17500
1171,650.0,1,19.09,Semifurnished,12500
1172,1350.0,2,6.98,Semifurnished,23000
1173,505.0,1,7.66,Semifurnished,12000
1174,700.0,1,10.96,Semifurnished,19400
1175,1355.0,2,16.39,Semifurnished,26000
1176,3200.0,3,4.66,Semifurnished,100000
1177,3025.0,3,1.87,Furnished,130000
1178,851.0,1,7.68,Semifurnished,23000
1179,900.0,2,14.55,Semifurnished,18000
1180,3662.0,4,24.67,Semifurnished,40000
1181,4000.0,4,9.17,Furnished,70000
1182,881.0,2,6.95,Semifurnished,9000
1183,1140.0,2,7.4,Semifurnished,35000
1184,1650.0,3,1.67,Semifurnished,31000
1185,1365.0,2,6.73,Semifurnished,22700
1186,1547.0,3,12.65,Semifurnished,26000
1187,1425.0,2,8.35,Semifurnished,16000
1188,1210.0,2,11.88,Furnished,23000
1189,1300.0,2,9.15,Semifurnished,32000
1190,600.0,1,14.55,Semifurnished,16000
1191,1200.0,2,7.16,Semifurnished,32000
1192,1200.0,2,27.54,Semifurnished,13500
1193,13050.0,3,10.02,Semifurnished,21000
1194,1600.0,3,16.39,Semifurnished,30000
1195,1800.0,3,39.12,Furnished,55000
1196,1300.0,2,9.05,Semifurnished,28000
1197,1395.0,3,17.39,Semifurnished,25000
1198,500.0,1,8.75,Semifurnished,10000
1199,2390.0,4,5.93,Semifurnished,39000
1200,1500.0,2,9.17,Semifurnished,36000
1201,500.0,1,6.77,Semifurnished,11000
1202,720.0,2,12.65,Semifurnished,11500
1203,1260.0,3,10.51,Furnished,12500
1204,2100.0,3,7.16,Semifurnished,55000
1205,1854.0,3,10.67,Semifurnished,30000
1206,630.0,1,69.95,Semifurnished,16000
1207,750.0,2,69.95,Semifurnished,18000
1208,1000.0,2,69.95,Semifurnished,20000
1209,2100.0,3,5.09,Semifurnished,55000
1210,1200.0,2,17.81,Semifurnished,18500
1211,1422.0,2,4.34,Semifurnished,35000
1212,739.0,1,12.58,Semifurnished,19000
1213,1200.0,1,6.73,Semifurnished,12000
1214,600.0,1,6.08,Semifurnished,19500
1215,500.0,1,6.08,Semifurnished,17000
1216,600.0,1,6.08,Semifurnished,20000
1217,1350.0,2,6.98,Furnished,23000
1218,1600.0,3,17.25,Semifurnished,31000
1219,1200.0,2,10.51,Semifurnished,12000
1220,1300.0,2,6.73,Semifurnished,26000
1221,2000.0,3,6.45,Semifurnished,40000
1222,2200.0,3,3.12,Semifurnished,45000
1223,1700.0,2,3.53,Semifurnished,40000
1224,1157.0,2,10.1,Semifurnished,20000
1225,552.0,1,39.12,Semifurnished,16100
1226,1409.0,3,14.11,Semifurnished,32000
1227,1200.0,2,15.65,Semifurnished,28000
1228,1850.0,3,7.2,Semifurnished,33000
1229,1950.0,3,7.2,Semifurnished,33000
1230,1200.0,2,11.04,Semifurnished,17500
1231,370.0,1,7.66,Semifurnished,11600
1232,1500.0,2,10.27,Semifurnished,22000
1233,1200.0,3,21.73,Furnished,13000
1234,1200.0,2,11.88,Semifurnished,12500
1235,700.0,1,14.36,Furnished,17000
1236,1500.0,3,7.4,Semifurnished,29000
1237,600.0,1,9.15,Furnished,23000
1238,2000.0,2,7.4,Semifurnished,28000
1239,1333.0,3,17.39,Semifurnished,24000
1240,400.0,1,70.62,Semifurnished,Rent
1241,1610.0,3,11.88,Semifurnished,22500
1242,1662.0,3,11.88,Semifurnished,22000
1243,450.0,1,9.95,Semifurnished,10000
1244,3000.0,3,4.66,Furnished,65000
1245,1000.0,2,10.95,Semifurnished,8000
1246,700.0,1,6.17,Semifurnished,20000
1247,650.0,1,9.17,Semifurnished,18000
1248,1275.0,2,11.88,Semifurnished,19880
1249,591.0,1,19.09,Semifurnished,11500
1250,1200.0,2,6.45,Semifurnished,22000
1251,650.0,1,9.15,Furnished,20000
1252,1251.0,3,19.09,Semifurnished,20000
1253,1485.0,3,7.66,Semifurnished,45000
1254,1300.0,2,4.34,Furnished,45000
1255,1200.0,2,11.88,Semifurnished,16000
1256,1100.0,2,9.95,Semifurnished,18000
1257,2190.0,3,4.66,Furnished,50000
1258,1100.0,2,6.17,Semifurnished,28000
1259,850.0,1,17.81,Semifurnished,12500
1260,1500.0,1,6.08,Semifurnished,16000
1261,390.0,1,7.66,Semifurnished,11450
1262,1850.0,3,6.73,Semifurnished,37000
1263,1350.0,3,16.39,Furnished,13500
1264,700.0,1,12.19,Semifurnished,16500
1265,1155.0,2,9.05,Semifurnished,19500
1266,1320.0,2,127.39,Semifurnished,24000
1267,2079.0,3,12.0,Semifurnished,40000
1268,1410.0,3,11.88,Semifurnished,25000
1269,1410.0,3,11.88,Semifurnished,24500
1270,2200.0,3,10.42,Furnished,50000
1271,1500.0,3,126.97,Semifurnished,30000
1272,1672.0,3,17.39,Semifurnished,24000
1273,1895.0,3,11.88,Semifurnished,28000
1274,1662.0,3,11.88,Semifurnished,27000
1275,1657.0,3,11.88,Semifurnished,28000
1276,1670.0,3,11.88,Semifurnished,26000
1277,1666.0,3,11.88,Semifurnished,27000
1278,1666.0,3,11.88,Semifurnished,28000
1279,1690.0,3,11.88,Semifurnished,28000
1280,600.0,1,9.86,Semifurnished,13000
1281,1724.0,3,14.55,Semifurnished,40000
1282,1228.0,3,21.73,Semifurnished,15000
1283,1100.0,2,9.17,Semifurnished,30000
1284,6000.0,3,6.43,Semifurnished,50000
1285,1460.0,3,6.98,Semifurnished,31000
1286,1350.0,3,6.98,Semifurnished,29000
1287,1450.0,3,6.98,Semifurnished,29000
1288,1300.0,2,10.42,Semifurnished,22000
1289,600.0,1,9.05,Semifurnished,14000
1290,4300.0,4,10.1,Semifurnished,140000
1291,1250.0,2,11.89,Semifurnished,27000
1292,800.0,1,9.14,Semifurnished,13500
1293,600.0,1,9.17,Semifurnished,18000
1294,2500.0,3,5.71,Semifurnished,85000
1295,1482.0,3,7.88,Semifurnished,35000
1296,2000.0,3,6.45,Semifurnished,50000
1297,500.0,1,7.66,Semifurnished,16000
1298,380.0,1,7.66,Semifurnished,11350
1299,1150.0,2,3.12,Semifurnished,28000
1300,550.0,1,7.1,Semifurnished,11800
1301,1450.0,2,3.62,Semifurnished,36000
1302,1800.0,3,10.1,Semifurnished,35000
1303,2400.0,4,9.15,Semifurnished,65000
1304,1987.0,3,7.4,Semifurnished,45000
1305,617.0,1,7.68,Semifurnished,19000
1306,611.0,1,7.68,Semifurnished,19000
1307,800.0,2,43.31,Semifurnished,15000
1308,1490.0,3,14.36,Furnished,45000
1309,2400.0,2,9.17,Semifurnished,23500
1310,1650.0,3,10.51,Semifurnished,24500
1311,1400.0,2,16.39,Semifurnished,26000
1312,2430.0,3,7.4,Semifurnished,80000
1313,1200.0,1,9.17,Semifurnished,18000
1314,1595.0,3,10.67,Semifurnished,25000
1315,1250.0,2,11.73,Furnished,16000
1316,2632.0,3,4.66,Semifurnished,120000
1317,2000.0,3,10.67,Semifurnished,30000
1318,1570.0,3,64.58,Semifurnished,25000
1319,1470.0,3,10.51,Semifurnished,21500
1320,1903.0,3,14.42,Semifurnished,40000
1321,6000.0,4,14.55,Semifurnished,250000
1322,1210.0,2,10.51,Furnished,17000
1323,800.0,1,5.8,Semifurnished,11000
1324,1150.0,2,6.17,Furnished,43000
1325,1450.0,2,6.78,Semifurnished,45000
1326,450.0,0,7.1,Furnished,17500
1327,1645.0,3,9.05,Semifurnished,37000
1328,1800.0,3,10.42,Semifurnished,26000
1329,10000.0,3,39.12,Semifurnished,55000
1330,1001.0,2,9.14,Semifurnished,24000
1331,1157.0,2,12.72,Semifurnished,22000
1332,465.0,1,14.55,Furnished,20000
1333,1200.0,3,11.88,Semifurnished,12000
1334,1300.0,2,9.17,Semifurnished,28500
1335,1200.0,2,39.12,Semifurnished,35000
1336,1200.0,2,21.73,Semifurnished,18000
1337,700.0,1,10.96,Furnished,25000
1338,1400.0,3,19.74,Semifurnished,16500
1339,520.0,1,9.86,Semifurnished,15000
1340,572.0,1,12.58,Semifurnished,16500
1341,1300.0,2,14.36,Semifurnished,20000
1342,600.0,1,9.86,Semifurnished,15000
1343,1200.0,2,7.56,Semifurnished,15500
1344,550.0,1,43.31,Semifurnished,14000
1345,500.0,1,9.17,Semifurnished,16000
1346,1300.0,2,10.42,Semifurnished,21000
1347,1470.0,3,10.51,Semifurnished,20500
1348,2860.0,4,69.95,Semifurnished,85000
1349,692.0,1,14.55,Semifurnished,19000
1350,736.0,1,12.58,Semifurnished,19000
1351,1300.0,2,6.98,Semifurnished,21000
1352,2307.0,3,7.4,Semifurnished,70000
1353,1200.0,2,11.89,Semifurnished,26500
1354,1200.0,2,11.89,Semifurnished,27000
1355,550.0,1,9.17,Semifurnished,19000
1356,1500.0,3,126.97,Semifurnished,22000
1357,2187.0,3,7.88,Semifurnished,45000
1358,1000.0,2,7.68,Semifurnished,26000
1359,450.0,1,126.97,Semifurnished,8000
1360,1545.0,3,9.17,Semifurnished,27000
1361,800.0,2,12.45,Semifurnished,10000
1362,2175.0,3,39.12,Semifurnished,350000
1363,1200.0,2,39.12,Semifurnished,28000
1364,500.0,1,14.35,Semifurnished,Rent
1365,600.0,1,9.15,Semifurnished,18000
1366,5000.0,3,39.12,Furnished,80000
1367,500.0,1,12.72,Semifurnished,6000
1368,2551.0,3,7.4,Furnished,100000
1369,1200.0,2,51.37,Semifurnished,18000
1370,700.0,1,9.17,Semifurnished,19000
1371,1100.0,2,11.89,Semifurnished,25000
1372,1630.0,3,14.35,Semifurnished,28000
1373,1315.0,2,14.35,Semifurnished,25000
1374,1514.0,3,14.35,Semifurnished,28000
1375,1273.0,2,14.35,Semifurnished,25000
1376,250.0,1,6.08,Furnished,17000
1377,1200.0,2,9.15,Furnished,55000
1378,1200.0,2,40.79,Semifurnished,16000
1379,905.0,2,7.66,Semifurnished,18000
1380,1110.0,2,14.55,Semifurnished,23900
1381,1350.0,2,7.16,Semifurnished,33000
1382,1241.0,2,13.88,Furnished,27590
1383,1463.0,3,14.11,Semifurnished,35000
1384,1300.0,3,13.88,Semifurnished,29900
1385,500.0,1,9.86,Semifurnished,15000
1386,600.0,1,69.95,Semifurnished,16500
1387,1200.0,2,17.81,Semifurnished,22000
1388,600.0,1,6.17,Semifurnished,22000
1389,600.0,1,6.17,Semifurnished,19000
1390,450.0,1,8.64,Semifurnished,15000
1391,1251.0,2,14.98,Semifurnished,25000
1392,1100.0,2,51.37,Semifurnished,17000
1393,1800.0,3,9.17,Semifurnished,38000
1394,1150.0,2,6.17,Semifurnished,27000
1395,1250.0,2,10.96,Semifurnished,20000
1396,850.0,2,8.75,Semifurnished,12500
1397,1709.0,3,7.4,Semifurnished,46000
1398,1285.0,2,10.51,Semifurnished,22000
1399,650.0,1,39.12,Semifurnished,18000
1400,1895.0,3,10.67,Semifurnished,32000
1401,550.0,1,7.1,Semifurnished,9000
1402,955.0,2,7.9,Semifurnished,26000
1403,956.0,2,7.9,Semifurnished,26000
1404,2400.0,3,5.71,Semifurnished,70000
1405,599.35,1,10.27,Semifurnished,8500
1406,759.0,1,14.55,Semifurnished,19000
1407,884.0,2,52.37,Semifurnished,16000
1408,350.0,0,7.85,Semifurnished,7000
1409,700.0,1,6.17,Semifurnished,19000
1410,1150.0,2,14.35,Semifurnished,24000
1411,1705.0,3,14.35,Semifurnished,37000
1412,1500.0,3,14.55,Semifurnished,32000
1413,1130.0,2,6.98,Semifurnished,26000
1414,2200.0,2,3.97,Semifurnished,21000
1415,1500.0,3,6.85,Semifurnished,28000
1416,1200.0,2,39.12,Semifurnished,30000
1417,1200.0,2,9.17,Semifurnished,29000
1418,600.0,1,7.68,Semifurnished,15000
1419,600.0,3,9.17,Semifurnished,40000
1420,1200.0,2,9.17,Semifurnished,27000
1421,1661.0,3,9.17,Semifurnished,40000
1422,2300.0,3,5.71,Semifurnished,65000
1423,2250.0,3,5.71,Semifurnished,70000
1424,1150.0,1,10.02,Semifurnished,10500
1425,700.0,1,7.52,Semifurnished,23500
1426,750.0,1,16.53,Semifurnished,16000
1427,469.0,1,14.55,Furnished,20000
1428,1200.0,2,39.12,Semifurnished,32000
1429,468.0,1,14.55,Furnished,20000
1430,466.0,1,14.55,Furnished,20000
1431,485.0,1,14.55,Furnished,20000
1432,1050.0,1,6.98,Semifurnished,12500
1433,450.0,1,14.55,Furnished,20000
1434,1456.0,3,12.72,Furnished,32000
1435,1560.0,3,138.39,Semifurnished,27000
1436,1200.0,2,6.45,Semifurnished,40000
1437,1570.0,3,11.88,Semifurnished,24000
1438,400.0,0,126.97,Furnished,8500
1439,1007.0,2,45.23,Semifurnished,16000
1440,1575.0,3,6.98,Semifurnished,37500
1441,2400.0,3,9.17,Semifurnished,60000
1442,1450.0,3,10.42,Semifurnished,27000
1443,2200.0,3,3.8,Furnished,60000
1444,1000.0,2,8.64,Semifurnished,19000
1445,1717.0,3,14.11,Semifurnished,40000
1446,941.0,2,19.09,Semifurnished,18000
1447,1560.0,3,40.79,Semifurnished,17000
1448,545.0,1,1.67,Semifurnished,15000
1449,2000.0,3,4.66,Furnished,75000
1450,784.0,2,19.09,Semifurnished,16500
1451,1636.0,3,24.67,Semifurnished,26500
1452,600.0,1,14.55,Furnished,19000
1453,1340.0,2,13.94,Furnished,46000
1454,600.0,1,9.15,Semifurnished,22000
1455,600.0,1,126.97,Semifurnished,12000
1456,1680.0,3,6.98,Semifurnished,36000
1457,680.0,1,10.96,Semifurnished,20000
1458,3500.0,4,43.9,Semifurnished,50000
1459,700.0,1,9.15,Semifurnished,19500
1460,2150.0,3,19.74,Semifurnished,34000
1461,1830.0,3,8.32,Semifurnished,20000
1462,615.0,1,69.95,Semifurnished,17000
1463,20000.0,3,9.14,Semifurnished,50000
1464,995.0,2,19.09,Semifurnished,1000000
1465,2000.0,3,4.66,Semifurnished,60000
1466,702.0,1,12.58,Furnished,19900
1467,666.0,1,7.66,Semifurnished,12000
1468,1350.0,2,6.95,Semifurnished,19000
1469,1250.0,2,10.42,Semifurnished,21600
1470,1800.0,3,6.98,Semifurnished,20000
1471,1640.0,3,19.09,Semifurnished,20000
1472,1100.0,2,11.04,Semifurnished,16000
1473,864.0,2,19.09,Semifurnished,17500
1474,1880.0,3,12.09,Semifurnished,36000
1475,1600.0,3,7.1,Furnished,33000
1476,1000.0,1,126.97,Furnished,16800
1477,1250.0,2,6.73,Semifurnished,27000
1478,3381.0,4,108.91,Semifurnished,120000
1479,1650.0,3,14.55,Semifurnished,29000
1480,1400.0,2,11.27,Semifurnished,25000
1481,600.0,1,14.55,Semifurnished,17000
1482,550.0,1,7.1,Semifurnished,11500
1483,2635.0,4,32.58,Semifurnished,50000
1484,600.0,1,10.42,Semifurnished,15000
1485,1509.0,3,43.31,Semifurnished,23500
1486,694.0,1,10.96,Semifurnished,19000
1487,1200.0,3,33.26,Semifurnished,12000
1488,1356.0,3,13.88,Semifurnished,28700
1489,900.0,2,39.12,Semifurnished,20500
1490,2100.0,3,2.02,Semifurnished,60000
1491,2700.0,1,7.9,Semifurnished,16300
1492,600.0,1,12.58,Semifurnished,13500
1493,1200.0,2,39.12,Semifurnished,25000
1494,500.0,1,17.81,Semifurnished,12000
1495,1450.0,3,16.39,Semifurnished,24300
1496,500.0,2,12.45,Semifurnished,12000
1497,3000.0,4,5.75,Semifurnished,65000
1498,1200.0,1,6.17,Semifurnished,16500
1499,1140.0,2,17.97,Semifurnished,21500
1500,1.0,2,54.76,Furnished,100000
1501,1300.0,3,39.12,Semifurnished,25000
1502,1200.0,2,4.66,Furnished,25000
1503,1100.0,2,9.14,Semifurnished,27000
1504,1460.0,3,10.67,Furnished,30000
1505,907.0,2,11.17,Furnished,16200
1506,1200.0,2,6.17,Semifurnished,27000
1507,500.0,1,7.1,Semifurnished,12000
1508,600.0,1,6.08,Semifurnished,16000
1509,1100.0,2,9.17,Semifurnished,23000
1510,780.0,1,19.09,Semifurnished,12000
1511,1600.0,3,12.58,Semifurnished,43000
1512,2055.0,3,3.53,Semifurnished,56000
1513,2053.0,3,3.53,Semifurnished,55500
1514,2051.0,3,3.53,Semifurnished,55000
1515,1770.0,3,3.53,Semifurnished,54500
1516,4009.0,4,2.02,Semifurnished,160000
1517,1680.0,3,19.09,Furnished,26000
1518,787.0,2,19.09,Semifurnished,15000
1519,744.0,2,19.09,Semifurnished,15000
1520,1970.0,3,10.67,Semifurnished,25000
1521,2145.0,3,10.67,Semifurnished,32000
1522,750.0,1,7.66,Semifurnished,16500
1523,1350.0,2,6.45,Semifurnished,30000
1524,781.0,1,8.64,Semifurnished,23000
1525,1724.0,3,14.55,Semifurnished,40000
1526,2400.0,3,51.37,Semifurnished,65000
1527,1000.0,2,11.04,Semifurnished,17500
1528,1390.0,2,127.39,Semifurnished,32000
1529,1150.0,2,1.67,Semifurnished,29000
1530,3259.0,3,3.74,Furnished,80000
1531,3034.0,3,12.58,Furnished,100000
1532,1700.0,3,16.39,Semifurnished,28000
1533,1740.0,3,6.98,Semifurnished,43000
1534,1636.0,3,24.67,Semifurnished,22500
1535,681.0,1,19.09,Semifurnished,12100
1536,600.0,1,19.12,Semifurnished,12000
1537,1500.0,2,7.66,Semifurnished,22000
1538,500.0,1,5.8,Semifurnished,8000
1539,730.0,1,10.96,Semifurnished,20100
1540,1500.0,1,7.66,Semifurnished,15500
1541,1770.0,3,3.53,Furnished,65000
1542,1200.0,2,39.12,Semifurnished,28000
1543,2400.0,3,7.4,Semifurnished,70000
1544,1200.0,2,39.12,Furnished,28000
1545,1400.0,2,2.64,Furnished,50000
1546,1950.0,3,39.12,Furnished,80000
1547,2400.0,2,6.85,Semifurnished,25000
1548,678.0,1,8.75,Semifurnished,15000
1549,700.0,1,3.86,Semifurnished,13000
1550,2479.0,3,3.53,Furnished,85000
1551,791.0,1,8.87,Semifurnished,18000
1552,925.0,2,39.12,Furnished,28000
1553,1500.0,3,40.79,Semifurnished,19000
1554,1600.0,3,6.73,Semifurnished,40000
1555,2200.0,3,6.58,Semifurnished,45000
1556,650.0,1,14.55,Semifurnished,13000
1557,1250.0,3,1.87,Semifurnished,45000
1558,560.0,1,12.58,Furnished,20000
1559,600.0,1,9.14,Semifurnished,17000
1560,950.0,2,43.31,Semifurnished,14500
1561,1917.0,3,10.67,Semifurnished,30000
1562,2387.0,3,4.34,Semifurnished,110000
1563,1745.0,3,10.51,Semifurnished,24500
1564,1266.0,2,10.67,Semifurnished,21000
1565,1500.0,2,7.66,Semifurnished,22800
1566,2015.0,3,3.8,Semifurnished,51000
1567,673.0,1,8.75,Semifurnished,15000
1568,671.0,1,8.75,Semifurnished,15000
1569,631.0,1,8.75,Semifurnished,15000
1570,1860.0,3,7.88,Semifurnished,25000
1571,1100.0,2,17.81,Furnished,26000
1572,1100.0,2,6.17,Semifurnished,27000
1573,600.0,1,9.17,Semifurnished,19200
1574,800.0,2,7.52,Furnished,14000
1575,3197.0,4,69.95,Semifurnished,80000
1576,650.0,1,14.42,Semifurnished,8000
1577,600.0,2,6.53,Semifurnished,12000
1578,650.0,1,11.89,Semifurnished,16500
1579,2500.0,3,5.71,Furnished,120000
1580,929.0,2,10.7,Semifurnished,17100
1581,1410.0,3,11.88,Semifurnished,23000
1582,550.0,1,19.74,Semifurnished,13500
1583,3500.0,3,14.71,Semifurnished,55000
1584,1800.0,3,39.12,Semifurnished,34000
1585,650.0,1,9.15,Semifurnished,16000
1586,605.79,1,5.8,Semifurnished,11000
1587,1350.0,2,6.95,Semifurnished,19000
1588,1670.0,3,66.4,Semifurnished,30000
1589,1140.0,2,14.35,Semifurnished,20000
1590,1748.0,3,14.35,Semifurnished,24000
1591,1650.0,3,14.35,Semifurnished,25000
1592,1200.0,2,7.68,Semifurnished,30000
1593,1205.0,2,4.34,Semifurnished,32000
1594,1760.0,3,12.72,Semifurnished,42000
1595,1768.0,3,12.72,Semifurnished,41000
1596,600.0,1,9.86,Semifurnished,14000
1597,150.0,0,7.16,Semifurnished,8000
1598,4200.0,4,4.66,Furnished,120000
1599,250.0,0,6.17,Semifurnished,13000
1600,500.0,1,6.77,Furnished,19000
1601,2550.0,3,39.12,Furnished,130000
1602,560.0,1,39.12,Semifurnished,15000
1603,1800.0,3,6.08,Semifurnished,75000
1604,542.0,1,8.87,Semifurnished,17000
1605,1101.0,2,10.96,Semifurnished,25000
1606,701.0,1,12.58,Furnished,19540
1607,2400.0,2,9.17,Semifurnished,32000
1608,750.0,1,11.27,Semifurnished,15600
1609,1800.0,3,39.12,Semifurnished,55000
1610,1400.0,2,19.12,Semifurnished,16000
1611,650.0,1,7.68,Semifurnished,17500
1612,2600.0,1,17.6,Semifurnished,15001
1613,1552.0,3,10.96,Semifurnished,43000
1614,2500.96,3,7.77,Semifurnished,45000
1615,1200.0,2,39.12,Semifurnished,24000
1616,2100.0,3,39.12,Semifurnished,60000
1617,969.0,2,126.97,Semifurnished,21000
1618,970.0,2,126.97,Semifurnished,21000
1619,1201.0,2,6.24,Semifurnished,27000
1620,1644.0,3,16.39,Semifurnished,29500
1621,550.0,1,17.93,Semifurnished,15000
1622,4500.0,5,9.97,Semifurnished,400000
1623,551.0,1,6.77,Semifurnished,11000
1624,800.0,1,10.42,Semifurnished,14000
1625,1200.0,0,126.97,Furnished,14000
1626,1434.0,3,11.88,Semifurnished,22000
1627,1200.0,2,6.73,Semifurnished,25000
1628,1027.0,2,19.09,Semifurnished,21000
1629,4000.0,4,84.13,Semifurnished,250000
1630,525.0,1,9.05,Semifurnished,13500
1631,1750.0,3,10.1,Semifurnished,34000
1632,972.0,2,10.42,Semifurnished,30000
1633,1270.0,2,77.65,Semifurnished,22000
1634,1103.0,2,14.55,Semifurnished,23890
1635,1650.0,3,9.97,Semifurnished,32000
1636,1680.0,3,6.98,Semifurnished,38000
1637,3100.0,4,13.07,Semifurnished,50000
1638,1300.0,2,1.87,Semifurnished,35000
1639,2204.0,4,10.67,Semifurnished,50000
1640,1365.0,2,6.98,Furnished,34000
1641,1250.0,2,19.74,Semifurnished,20000
1642,1721.0,3,20.2,Semifurnished,23000
1643,250.0,1,9.15,Semifurnished,12000
1644,1375.0,2,3.8,Furnished,38000
1645,1470.0,3,10.51,Semifurnished,23000
1646,475.0,1,10.27,Semifurnished,11000
1647,567.0,1,7.66,Semifurnished,12000
1648,650.0,1,7.66,Semifurnished,15500
1649,1200.0,2,9.17,Semifurnished,28000
1650,450.0,1,10.27,Semifurnished,11000
1651,613.0,1,7.68,Semifurnished,18000
1652,618.0,1,7.68,Semifurnished,16000
1653,1100.0,2,12.09,Semifurnished,17000
1654,850.0,2,8.13,Semifurnished,20000
1655,9500.0,2,6.24,Semifurnished,21000
1656,1200.0,2,4.66,Semifurnished,22000
1657,2332.33,3,7.77,Semifurnished,45000
1658,1553.0,2,19.09,Semifurnished,23000
1659,2400.0,2,4.66,Furnished,35000
1660,700.0,1,7.67,Furnished,18000
1661,600.0,1,9.17,Semifurnished,16000
1662,450.0,1,70.62,Semifurnished,9000
1663,1700.0,3,10.96,Furnished,55000
1664,600.0,1,9.17,Semifurnished,18000
1665,1690.0,2,6.98,Semifurnished,18900
1666,1620.0,3,11.88,Semifurnished,25000
1667,1810.0,3,39.12,Semifurnished,55000
1668,1200.0,2,13.88,Semifurnished,22950
1669,500.0,1,6.78,Semifurnished,16000
1670,2199.0,3,17.14,Semifurnished,350000
1671,1200.0,2,14.55,Semifurnished,26000
1672,1132.0,2,5.8,Semifurnished,18000
1673,1929.0,3,10.1,Semifurnished,38000
1674,2400.0,5,9.05,Semifurnished,85000
1675,1655.0,3,17.97,Semifurnished,33000
1676,3300.0,4,10.1,Semifurnished,55000
1677,1274.0,2,14.13,Semifurnished,25000
1678,1200.0,1,8.13,Furnished,20000
1679,1606.0,3,10.1,Semifurnished,32000
1680,1700.0,3,10.1,Semifurnished,32500
1681,1500.0,3,50.71,Semifurnished,14000
1682,600.0,1,17.81,Semifurnished,10000
1683,1200.0,2,3.8,Semifurnished,30000
1684,1200.0,2,9.15,Semifurnished,32000
1685,1200.0,2,9.15,Semifurnished,32500
1686,1350.0,3,126.97,Semifurnished,20000
1687,1065.0,2,16.1,Semifurnished,23500
1688,1040.0,2,16.39,Semifurnished,16500
1689,1630.0,3,6.98,Semifurnished,31000
1690,1420.0,3,6.98,Semifurnished,29000
1691,1450.0,3,6.98,Semifurnished,29000
1692,1460.0,3,6.98,Semifurnished,27500
1693,1420.0,3,6.98,Semifurnished,31000
1694,1370.0,3,6.98,Semifurnished,30000
1695,900.0,2,6.08,Semifurnished,20000
1696,1801.0,2,11.88,Furnished,50000
1697,1744.0,3,12.09,Semifurnished,30000
1698,600.0,1,6.08,Semifurnished,17000
1699,600.0,1,9.17,Semifurnished,20000
1700,500.0,1,12.74,Semifurnished,9000
1701,1690.0,3,11.88,Semifurnished,28500
1702,596.0,1,11.38,Semifurnished,12456
1703,2300.0,3,38.08,Semifurnished,50000
1704,1600.0,3,14.89,Furnished,38000
1705,1000.0,2,8.25,Semifurnished,20000
1706,1900.0,2,11.88,Semifurnished,10500
1707,1670.0,3,14.35,Semifurnished,30000
1708,1612.0,3,14.35,Semifurnished,25000
1709,650.0,1,12.58,Semifurnished,17000
1710,2422.0,4,20.2,Semifurnished,26000
1711,2422.0,4,20.2,Semifurnished,25000
1712,2422.0,4,20.2,Semifurnished,24500
1713,800.0,2,14.55,Semifurnished,17999
1714,541.0,1,14.55,Semifurnished,12980
1715,1325.0,2,13.45,Semifurnished,26420
1716,689.0,2,8.87,Semifurnished,16000
1717,541.0,1,8.87,Semifurnished,13000
1718,3365.0,3,13.59,Semifurnished,25000
1719,1527.0,3,11.88,Semifurnished,28000
1720,2350.0,3,5.71,Semifurnished,60000
1721,1725.0,3,20.2,Semifurnished,24000
1722,2500.0,3,4.34,Semifurnished,70000
1723,1375.0,3,16.39,Semifurnished,26000
1724,1600.0,3,6.98,Semifurnished,38000
1725,2600.0,3,17.97,Furnished,40000
1726,1050.0,2,11.04,Semifurnished,18000
1727,1250.0,2,7.68,Semifurnished,30000
1728,600.0,1,10.42,Semifurnished,13000
1729,1200.0,2,4.66,Semifurnished,28000
1730,5000.0,4,13.45,Semifurnished,95000
1731,2000.0,2,4.34,Semifurnished,40000
1732,1499.0,3,17.39,Semifurnished,22000
1733,7460.0,4,10.47,Semifurnished,450000
1734,550.0,1,10.42,Semifurnished,14000
1735,1917.0,3,10.67,Semifurnished,28000
1736,1595.0,3,10.67,Furnished,35000
1737,786.0,2,19.09,Semifurnished,16000
